{"cameraMode":{"drawMode":0,"name":"Shaded","section":"Shading Mode"},"sceneLighting":false,"audioPlay":false,"sceneViewState":{"showFog":true,"showMaterialUpdate":false,"showSkybox":true,"showFlares":true,"showImageEffects":true,"showParticleSystems":true},"in2DMode":false,"pivot":{"x":0.43545952439308169,"y":0.012903328984975815,"z":8.708999633789063},"rotation":{"x":0.6086040735244751,"y":-0.0011933097848668695,"z":0.0009075164562091231,"w":0.7934776544570923},"size":0.28578877449035647,"orthographic":false}