{"cameraMode":{"drawMode":0,"name":"Shaded","section":"Shading Mode"},"sceneLighting":false,"audioPlay":false,"sceneViewState":{"showFog":true,"showMaterialUpdate":false,"showSkybox":true,"showFlares":true,"showImageEffects":true,"showParticleSystems":true},"in2DMode":false,"pivot":{"x":38.669403076171878,"y":-3.218179941177368,"z":5.448578834533691},"rotation":{"x":-0.6007189750671387,"y":-0.003143052104860544,"z":0.0023036093916743995,"w":-0.799470067024231},"size":44.895782470703128,"orthographic":false}