{"cameraMode":{"drawMode":0,"name":"Shaded","section":"Shading Mode"},"sceneLighting":false,"audioPlay":false,"sceneViewState":{"showFog":true,"showMaterialUpdate":false,"showSkybox":true,"showFlares":true,"showImageEffects":true,"showParticleSystems":true},"in2DMode":false,"pivot":{"x":0.43545952439308169,"y":0.012903328984975815,"z":8.708999633789063},"rotation":{"x":-0.006116022821515799,"y":0.993531346321106,"z":-0.06536424905061722,"w":-0.09296026080846787},"size":0.5857888460159302,"orthographic":false}