{"cameraMode":{"drawMode":0,"name":"Shaded","section":"Shading Mode"},"sceneLighting":false,"audioPlay":false,"sceneViewState":{"showFog":true,"showMaterialUpdate":false,"showSkybox":true,"showFlares":true,"showImageEffects":true,"showParticleSystems":true},"in2DMode":false,"pivot":{"x":42.88981246948242,"y":-0.19559097290039063,"z":3.3925352096557619},"rotation":{"x":-0.6258072257041931,"y":-0.007058444898575544,"z":0.0055793956853449348,"w":-0.7799302935600281},"size":49.314632415771487,"orthographic":false}