{"cameraMode":{"drawMode":0,"name":"Shaded","section":"Shading Mode"},"sceneLighting":false,"audioPlay":false,"sceneViewState":{"showFog":true,"showMaterialUpdate":false,"showSkybox":true,"showFlares":true,"showImageEffects":true,"showParticleSystems":true},"in2DMode":false,"pivot":{"x":21.879030227661134,"y":3.8167381286621095,"z":5.5182342529296879},"rotation":{"x":-0.616422712802887,"y":0.004694871138781309,"z":-0.003740748856216669,"w":-0.7874113321304321},"size":63.457359313964847,"orthographic":false}