{"cameraMode":{"drawMode":0,"name":"Shaded","section":"Shading Mode"},"sceneLighting":false,"audioPlay":false,"sceneViewState":{"showFog":true,"showMaterialUpdate":false,"showSkybox":true,"showFlares":true,"showImageEffects":true,"showParticleSystems":true},"in2DMode":false,"pivot":{"x":16.600000381469728,"y":0.14518165588378907,"z":-15.600000381469727},"rotation":{"x":-0.39569470286369326,"y":0.5912168025970459,"z":-0.40971189737319949,"w":-0.5709936022758484},"size":34.16532897949219,"orthographic":false}