{"cameraMode":{"drawMode":0,"name":"Shaded","section":"Shading Mode"},"sceneLighting":false,"audioPlay":false,"sceneViewState":{"showFog":true,"showMaterialUpdate":false,"showSkybox":true,"showFlares":true,"showImageEffects":true,"showParticleSystems":true},"in2DMode":false,"pivot":{"x":1.5169999599456788,"y":0.0,"z":-1.1920928955078126e-7},"rotation":{"x":-0.007509423419833183,"y":0.00029721850296482444,"z":-0.0000022446772618422985,"w":-0.9999728202819824},"size":0.5715768337249756,"orthographic":false}