{"cameraMode":{"drawMode":0,"name":"Shaded","section":"Shading Mode"},"sceneLighting":false,"audioPlay":false,"sceneViewState":{"showFog":true,"showMaterialUpdate":false,"showSkybox":true,"showFlares":true,"showImageEffects":true,"showParticleSystems":true},"in2DMode":false,"pivot":{"x":0.02145904302597046,"y":0.14518165588378907,"z":-0.136305570602417},"rotation":{"x":-0.4113970100879669,"y":0.5788935422897339,"z":-0.42342105507850649,"w":-0.5624582767486572},"size":40.742794036865237,"orthographic":false}