{"cameraMode":{"drawMode":0,"name":"Shaded","section":"Shading Mode"},"sceneLighting":false,"audioPlay":false,"sceneViewState":{"showFog":true,"showMaterialUpdate":false,"showSkybox":true,"showFlares":true,"showImageEffects":true,"showParticleSystems":true},"in2DMode":false,"pivot":{"x":5.082247257232666,"y":-0.5667362213134766,"z":-0.29574596881866457},"rotation":{"x":-0.47474417090415957,"y":0.5233132839202881,"z":-0.46823805570602419,"w":-0.5305852293968201},"size":52.09852981567383,"orthographic":false}