{"cameraMode":{"drawMode":0,"name":"Shaded","section":"Shading Mode"},"sceneLighting":false,"audioPlay":false,"sceneViewState":{"showFog":true,"showMaterialUpdate":false,"showSkybox":true,"showFlares":true,"showImageEffects":true,"showParticleSystems":true},"in2DMode":false,"pivot":{"x":0.35499998927116396,"y":1.0,"z":-1.1920928955078126e-7},"rotation":{"x":-0.25084564089775088,"y":0.6968427300453186,"z":-0.2879159450531006,"w":-0.6071202158927918},"size":4.644713878631592,"orthographic":false}