{"cameraMode":{"drawMode":0,"name":"Shaded","section":"Shading Mode"},"sceneLighting":false,"audioPlay":false,"sceneViewState":{"showFog":true,"showMaterialUpdate":false,"showSkybox":true,"showFlares":true,"showImageEffects":true,"showParticleSystems":true},"in2DMode":false,"pivot":{"x":4.610939025878906,"y":4.426334381103516,"z":0.6696521043777466},"rotation":{"x":-0.4113970100879669,"y":0.5788935422897339,"z":-0.42342105507850649,"w":-0.5624582767486572},"size":65.42546081542969,"orthographic":false}