{"cameraMode":{"drawMode":0,"name":"Shaded","section":"Shading Mode"},"sceneLighting":false,"audioPlay":false,"sceneViewState":{"showFog":true,"showMaterialUpdate":false,"showSkybox":true,"showFlares":true,"showImageEffects":true,"showParticleSystems":true},"in2DMode":false,"pivot":{"x":19.391361236572267,"y":1.0667238235473633,"z":-18.19254493713379},"rotation":{"x":-0.3173661530017853,"y":0.6331549286842346,"z":-0.31908488273620608,"w":-0.6297476291656494},"size":6.357381343841553,"orthographic":false}