{"cameraMode":{"drawMode":0,"name":"Shaded","section":"Shading Mode"},"sceneLighting":false,"audioPlay":false,"sceneViewState":{"showFog":true,"showMaterialUpdate":false,"showSkybox":true,"showFlares":true,"showImageEffects":true,"showParticleSystems":true},"in2DMode":false,"pivot":{"x":6.274021148681641,"y":-5.261467456817627,"z":-10.082633972167969},"rotation":{"x":-0.34385159611701968,"y":0.6195247173309326,"z":-0.3465448319911957,"w":-0.6147118210792542},"size":124.56005096435547,"orthographic":false}